topology;algorithm;numapss;total;wspr;wmak;wres;spread;makespan;resources
nxgenerated.500;nsga2;10;0.17383084092370107;0.24007126986941552;0.281421252902;0;0.24007126986941552;92.8690134576;0
